date_heure_debut,date_heure_fin,prix_eur_mwh,volume_mw
2026-05-29T00:00:00+02:00,2026-05-29T00:15:00+02:00,140.4,18063.7
2026-05-29T00:15:00+02:00,2026-05-29T00:30:00+02:00,136.43,17915.3
2026-05-29T00:30:00+02:00,2026-05-29T00:45:00+02:00,127.25,18497.0
2026-05-29T00:45:00+02:00,2026-05-29T01:00:00+02:00,126.36,18917.6
2026-05-29T01:00:00+02:00,2026-05-29T01:15:00+02:00,126.36,18783.2
2026-05-29T01:15:00+02:00,2026-05-29T01:30:00+02:00,126.36,18864.8
2026-05-29T01:30:00+02:00,2026-05-29T01:45:00+02:00,126.36,18655.0
2026-05-29T01:45:00+02:00,2026-05-29T02:00:00+02:00,123.86,18861.9
2026-05-29T02:00:00+02:00,2026-05-29T02:15:00+02:00,125.01,18122.0
2026-05-29T02:15:00+02:00,2026-05-29T02:30:00+02:00,120.0,18194.1
2026-05-29T02:30:00+02:00,2026-05-29T02:45:00+02:00,119.57,18267.3
2026-05-29T02:45:00+02:00,2026-05-29T03:00:00+02:00,118.11,18538.6
2026-05-29T03:00:00+02:00,2026-05-29T03:15:00+02:00,117.27,18525.6
2026-05-29T03:15:00+02:00,2026-05-29T03:30:00+02:00,115.88,18698.6
2026-05-29T03:30:00+02:00,2026-05-29T03:45:00+02:00,115.0,18723.7
2026-05-29T03:45:00+02:00,2026-05-29T04:00:00+02:00,111.21,18803.8
2026-05-29T04:00:00+02:00,2026-05-29T04:15:00+02:00,110.76,18785.7
2026-05-29T04:15:00+02:00,2026-05-29T04:30:00+02:00,110.76,18807.0
2026-05-29T04:30:00+02:00,2026-05-29T04:45:00+02:00,110.76,18823.5
2026-05-29T04:45:00+02:00,2026-05-29T05:00:00+02:00,112.49,18808.8
2026-05-29T05:00:00+02:00,2026-05-29T05:15:00+02:00,114.25,19070.8
2026-05-29T05:15:00+02:00,2026-05-29T05:30:00+02:00,118.02,19018.2
2026-05-29T05:30:00+02:00,2026-05-29T05:45:00+02:00,119.11,19126.1
2026-05-29T05:45:00+02:00,2026-05-29T06:00:00+02:00,120.0,18996.6
2026-05-29T06:00:00+02:00,2026-05-29T06:15:00+02:00,126.36,19314.0
2026-05-29T06:15:00+02:00,2026-05-29T06:30:00+02:00,126.36,19134.4
2026-05-29T06:30:00+02:00,2026-05-29T06:45:00+02:00,126.36,19561.6
2026-05-29T06:45:00+02:00,2026-05-29T07:00:00+02:00,126.36,19595.4
2026-05-29T07:00:00+02:00,2026-05-29T07:15:00+02:00,136.96,19775.9
2026-05-29T07:15:00+02:00,2026-05-29T07:30:00+02:00,130.1,19640.3
2026-05-29T07:30:00+02:00,2026-05-29T07:45:00+02:00,124.97,19415.9
2026-05-29T07:45:00+02:00,2026-05-29T08:00:00+02:00,111.95,19991.1
2026-05-29T08:00:00+02:00,2026-05-29T08:15:00+02:00,126.36,18390.9
2026-05-29T08:15:00+02:00,2026-05-29T08:30:00+02:00,116.39,18862.4
2026-05-29T08:30:00+02:00,2026-05-29T08:45:00+02:00,107.0,18822.7
2026-05-29T08:45:00+02:00,2026-05-29T09:00:00+02:00,84.57,19212.1
2026-05-29T09:00:00+02:00,2026-05-29T09:15:00+02:00,94.47,19181.2
2026-05-29T09:15:00+02:00,2026-05-29T09:30:00+02:00,72.75,19843.0
2026-05-29T09:30:00+02:00,2026-05-29T09:45:00+02:00,45.0,20121.4
2026-05-29T09:45:00+02:00,2026-05-29T10:00:00+02:00,34.58,20135.1
2026-05-29T10:00:00+02:00,2026-05-29T10:15:00+02:00,30.0,20881.1
2026-05-29T10:15:00+02:00,2026-05-29T10:30:00+02:00,17.77,20841.8
2026-05-29T10:30:00+02:00,2026-05-29T10:45:00+02:00,10.89,21038.2
2026-05-29T10:45:00+02:00,2026-05-29T11:00:00+02:00,5.0,21427.1
2026-05-29T11:00:00+02:00,2026-05-29T11:15:00+02:00,5.56,22007.9
2026-05-29T11:15:00+02:00,2026-05-29T11:30:00+02:00,1.75,22482.7
2026-05-29T11:30:00+02:00,2026-05-29T11:45:00+02:00,0.84,22888.3
2026-05-29T11:45:00+02:00,2026-05-29T12:00:00+02:00,0.84,23110.5
2026-05-29T12:00:00+02:00,2026-05-29T12:15:00+02:00,0.84,23390.2
2026-05-29T12:15:00+02:00,2026-05-29T12:30:00+02:00,0.54,23529.6
2026-05-29T12:30:00+02:00,2026-05-29T12:45:00+02:00,0.51,23472.5
2026-05-29T12:45:00+02:00,2026-05-29T13:00:00+02:00,0.29,23922.6
2026-05-29T13:00:00+02:00,2026-05-29T13:15:00+02:00,0.51,24127.1
2026-05-29T13:15:00+02:00,2026-05-29T13:30:00+02:00,0.18,24365.6
2026-05-29T13:30:00+02:00,2026-05-29T13:45:00+02:00,0.08,24510.3
2026-05-29T13:45:00+02:00,2026-05-29T14:00:00+02:00,0.02,24412.0
2026-05-29T14:00:00+02:00,2026-05-29T14:15:00+02:00,0.84,23877.4
2026-05-29T14:15:00+02:00,2026-05-29T14:30:00+02:00,0.84,23761.1
2026-05-29T14:30:00+02:00,2026-05-29T14:45:00+02:00,0.84,23526.9
2026-05-29T14:45:00+02:00,2026-05-29T15:00:00+02:00,0.84,23292.2
2026-05-29T15:00:00+02:00,2026-05-29T15:15:00+02:00,0.84,22913.3
2026-05-29T15:15:00+02:00,2026-05-29T15:30:00+02:00,2.11,22693.5
2026-05-29T15:30:00+02:00,2026-05-29T15:45:00+02:00,1.7,22565.2
2026-05-29T15:45:00+02:00,2026-05-29T16:00:00+02:00,1.55,22317.8
2026-05-29T16:00:00+02:00,2026-05-29T16:15:00+02:00,5.27,21674.6
2026-05-29T16:15:00+02:00,2026-05-29T16:30:00+02:00,5.0,21219.5
2026-05-29T16:30:00+02:00,2026-05-29T16:45:00+02:00,8.1,21347.4
2026-05-29T16:45:00+02:00,2026-05-29T17:00:00+02:00,12.46,21256.0
2026-05-29T17:00:00+02:00,2026-05-29T17:15:00+02:00,25.93,20718.4
2026-05-29T17:15:00+02:00,2026-05-29T17:30:00+02:00,41.51,20420.2
2026-05-29T17:30:00+02:00,2026-05-29T17:45:00+02:00,71.98,20230.4
2026-05-29T17:45:00+02:00,2026-05-29T18:00:00+02:00,110.72,20035.9
2026-05-29T18:00:00+02:00,2026-05-29T18:15:00+02:00,61.12,20469.0
2026-05-29T18:15:00+02:00,2026-05-29T18:30:00+02:00,94.84,20277.2
2026-05-29T18:30:00+02:00,2026-05-29T18:45:00+02:00,99.0,20606.2
2026-05-29T18:45:00+02:00,2026-05-29T19:00:00+02:00,154.45,20365.2
2026-05-29T19:00:00+02:00,2026-05-29T19:15:00+02:00,109.41,19206.6
2026-05-29T19:15:00+02:00,2026-05-29T19:30:00+02:00,140.79,19109.7
2026-05-29T19:30:00+02:00,2026-05-29T19:45:00+02:00,136.54,19166.3
2026-05-29T19:45:00+02:00,2026-05-29T20:00:00+02:00,169.1,18897.5
2026-05-29T20:00:00+02:00,2026-05-29T20:15:00+02:00,128.84,21149.7
2026-05-29T20:15:00+02:00,2026-05-29T20:30:00+02:00,115.88,20874.2
2026-05-29T20:30:00+02:00,2026-05-29T20:45:00+02:00,126.36,20801.4
2026-05-29T20:45:00+02:00,2026-05-29T21:00:00+02:00,136.68,21150.5
2026-05-29T21:00:00+02:00,2026-05-29T21:15:00+02:00,140.34,20647.6
2026-05-29T21:15:00+02:00,2026-05-29T21:30:00+02:00,150.0,20894.2
2026-05-29T21:30:00+02:00,2026-05-29T21:45:00+02:00,158.01,20925.1
2026-05-29T21:45:00+02:00,2026-05-29T22:00:00+02:00,152.43,21172.6
2026-05-29T22:00:00+02:00,2026-05-29T22:15:00+02:00,164.53,20407.5
2026-05-29T22:15:00+02:00,2026-05-29T22:30:00+02:00,152.43,20473.1
2026-05-29T22:30:00+02:00,2026-05-29T22:45:00+02:00,152.43,19859.9
2026-05-29T22:45:00+02:00,2026-05-29T23:00:00+02:00,140.4,20087.6
2026-05-29T23:00:00+02:00,2026-05-29T23:15:00+02:00,136.46,19340.1
2026-05-29T23:15:00+02:00,2026-05-29T23:30:00+02:00,126.36,19667.6
2026-05-29T23:30:00+02:00,2026-05-29T23:45:00+02:00,126.36,19168.9
2026-05-29T23:45:00+02:00,2026-05-30T00:00:00+02:00,121.27,19575.9
2026-05-30T00:00:00+02:00,2026-05-30T00:15:00+02:00,130.0,17645.2
2026-05-30T00:15:00+02:00,2026-05-30T00:30:00+02:00,127.98,17426.9
2026-05-30T00:30:00+02:00,2026-05-30T00:45:00+02:00,120.24,17904.2
2026-05-30T00:45:00+02:00,2026-05-30T01:00:00+02:00,115.0,18495.8
2026-05-30T01:00:00+02:00,2026-05-30T01:15:00+02:00,115.0,18257.6
2026-05-30T01:15:00+02:00,2026-05-30T01:30:00+02:00,111.2,18499.8
2026-05-30T01:30:00+02:00,2026-05-30T01:45:00+02:00,111.55,18109.7
2026-05-30T01:45:00+02:00,2026-05-30T02:00:00+02:00,109.7,18332.2
2026-05-30T02:00:00+02:00,2026-05-30T02:15:00+02:00,111.23,18294.5
2026-05-30T02:15:00+02:00,2026-05-30T02:30:00+02:00,108.57,18833.2
2026-05-30T02:30:00+02:00,2026-05-30T02:45:00+02:00,104.98,19334.6
2026-05-30T02:45:00+02:00,2026-05-30T03:00:00+02:00,71.46,19586.5
2026-05-30T03:00:00+02:00,2026-05-30T03:15:00+02:00,102.74,20098.8
2026-05-30T03:15:00+02:00,2026-05-30T03:30:00+02:00,87.78,20429.1
2026-05-30T03:30:00+02:00,2026-05-30T03:45:00+02:00,73.55,20397.2
2026-05-30T03:45:00+02:00,2026-05-30T04:00:00+02:00,89.01,20248.8
2026-05-30T04:00:00+02:00,2026-05-30T04:15:00+02:00,95.27,20107.3
2026-05-30T04:15:00+02:00,2026-05-30T04:30:00+02:00,89.26,20229.1
2026-05-30T04:30:00+02:00,2026-05-30T04:45:00+02:00,82.43,20413.3
2026-05-30T04:45:00+02:00,2026-05-30T05:00:00+02:00,76.23,20530.8
2026-05-30T05:00:00+02:00,2026-05-30T05:15:00+02:00,97.99,20277.6
2026-05-30T05:15:00+02:00,2026-05-30T05:30:00+02:00,86.42,20453.9
2026-05-30T05:30:00+02:00,2026-05-30T05:45:00+02:00,92.07,20403.7
2026-05-30T05:45:00+02:00,2026-05-30T06:00:00+02:00,82.31,20515.5
2026-05-30T06:00:00+02:00,2026-05-30T06:15:00+02:00,103.52,20821.2
2026-05-30T06:15:00+02:00,2026-05-30T06:30:00+02:00,101.25,20773.1
2026-05-30T06:30:00+02:00,2026-05-30T06:45:00+02:00,93.66,20706.2
2026-05-30T06:45:00+02:00,2026-05-30T07:00:00+02:00,81.57,20668.2
2026-05-30T07:00:00+02:00,2026-05-30T07:15:00+02:00,77.9,20556.6
2026-05-30T07:15:00+02:00,2026-05-30T07:30:00+02:00,69.7,20713.7
2026-05-30T07:30:00+02:00,2026-05-30T07:45:00+02:00,99.26,20338.7
2026-05-30T07:45:00+02:00,2026-05-30T08:00:00+02:00,93.13,20286.5
2026-05-30T08:00:00+02:00,2026-05-30T08:15:00+02:00,94.6,20536.9
2026-05-30T08:15:00+02:00,2026-05-30T08:30:00+02:00,64.4,20546.9
2026-05-30T08:30:00+02:00,2026-05-30T08:45:00+02:00,52.38,20417.7
2026-05-30T08:45:00+02:00,2026-05-30T09:00:00+02:00,35.35,20561.0
2026-05-30T09:00:00+02:00,2026-05-30T09:15:00+02:00,41.55,21355.1
2026-05-30T09:15:00+02:00,2026-05-30T09:30:00+02:00,24.15,21161.0
2026-05-30T09:30:00+02:00,2026-05-30T09:45:00+02:00,13.56,21209.6
2026-05-30T09:45:00+02:00,2026-05-30T10:00:00+02:00,7.6,20742.2
2026-05-30T10:00:00+02:00,2026-05-30T10:15:00+02:00,9.99,22090.2
2026-05-30T10:15:00+02:00,2026-05-30T10:30:00+02:00,1.75,21884.0
2026-05-30T10:30:00+02:00,2026-05-30T10:45:00+02:00,0.1,22674.0
2026-05-30T10:45:00+02:00,2026-05-30T11:00:00+02:00,0.0,23078.1
2026-05-30T11:00:00+02:00,2026-05-30T11:15:00+02:00,0.0,23681.3
2026-05-30T11:15:00+02:00,2026-05-30T11:30:00+02:00,0.0,23916.1
2026-05-30T11:30:00+02:00,2026-05-30T11:45:00+02:00,-0.01,24095.9
2026-05-30T11:45:00+02:00,2026-05-30T12:00:00+02:00,-0.01,23877.4
2026-05-30T12:00:00+02:00,2026-05-30T12:15:00+02:00,-0.01,23780.0
2026-05-30T12:15:00+02:00,2026-05-30T12:30:00+02:00,-0.01,23755.7
2026-05-30T12:30:00+02:00,2026-05-30T12:45:00+02:00,-0.01,23478.6
2026-05-30T12:45:00+02:00,2026-05-30T13:00:00+02:00,-0.01,23571.0
2026-05-30T13:00:00+02:00,2026-05-30T13:15:00+02:00,-0.01,24184.2
2026-05-30T13:15:00+02:00,2026-05-30T13:30:00+02:00,-0.09,24239.5
2026-05-30T13:30:00+02:00,2026-05-30T13:45:00+02:00,-0.11,24341.3
2026-05-30T13:45:00+02:00,2026-05-30T14:00:00+02:00,-0.11,24288.7
2026-05-30T14:00:00+02:00,2026-05-30T14:15:00+02:00,-0.1,23772.8
2026-05-30T14:15:00+02:00,2026-05-30T14:30:00+02:00,-0.11,23747.9
2026-05-30T14:30:00+02:00,2026-05-30T14:45:00+02:00,-0.1,23584.2
2026-05-30T14:45:00+02:00,2026-05-30T15:00:00+02:00,-0.11,23462.8
2026-05-30T15:00:00+02:00,2026-05-30T15:15:00+02:00,-0.02,23326.0
2026-05-30T15:15:00+02:00,2026-05-30T15:30:00+02:00,-0.01,23676.2
2026-05-30T15:30:00+02:00,2026-05-30T15:45:00+02:00,-0.01,24340.2
2026-05-30T15:45:00+02:00,2026-05-30T16:00:00+02:00,0.0,24483.4
2026-05-30T16:00:00+02:00,2026-05-30T16:15:00+02:00,0.0,23648.6
2026-05-30T16:15:00+02:00,2026-05-30T16:30:00+02:00,0.0,23394.7
2026-05-30T16:30:00+02:00,2026-05-30T16:45:00+02:00,0.51,23230.5
2026-05-30T16:45:00+02:00,2026-05-30T17:00:00+02:00,11.52,22941.1
2026-05-30T17:00:00+02:00,2026-05-30T17:15:00+02:00,8.44,21624.7
2026-05-30T17:15:00+02:00,2026-05-30T17:30:00+02:00,13.5,21628.4
2026-05-30T17:30:00+02:00,2026-05-30T17:45:00+02:00,20.8,21783.7
2026-05-30T17:45:00+02:00,2026-05-30T18:00:00+02:00,11.14,20962.8
2026-05-30T18:00:00+02:00,2026-05-30T18:15:00+02:00,19.47,20658.0
2026-05-30T18:15:00+02:00,2026-05-30T18:30:00+02:00,25.45,21017.6
2026-05-30T18:30:00+02:00,2026-05-30T18:45:00+02:00,47.58,21235.7
2026-05-30T18:45:00+02:00,2026-05-30T19:00:00+02:00,84.53,21373.6
2026-05-30T19:00:00+02:00,2026-05-30T19:15:00+02:00,45.11,20465.1
2026-05-30T19:15:00+02:00,2026-05-30T19:30:00+02:00,83.69,20350.6
2026-05-30T19:30:00+02:00,2026-05-30T19:45:00+02:00,87.38,20380.7
2026-05-30T19:45:00+02:00,2026-05-30T20:00:00+02:00,109.42,19990.8
2026-05-30T20:00:00+02:00,2026-05-30T20:15:00+02:00,80.0,19434.5
2026-05-30T20:15:00+02:00,2026-05-30T20:30:00+02:00,95.7,18983.8
2026-05-30T20:30:00+02:00,2026-05-30T20:45:00+02:00,100.2,19144.7
2026-05-30T20:45:00+02:00,2026-05-30T21:00:00+02:00,111.2,19468.5
2026-05-30T21:00:00+02:00,2026-05-30T21:15:00+02:00,105.64,19798.2
2026-05-30T21:15:00+02:00,2026-05-30T21:30:00+02:00,109.04,20038.6
2026-05-30T21:30:00+02:00,2026-05-30T21:45:00+02:00,111.2,20114.0
2026-05-30T21:45:00+02:00,2026-05-30T22:00:00+02:00,110.29,20514.1
2026-05-30T22:00:00+02:00,2026-05-30T22:15:00+02:00,115.0,19164.1
2026-05-30T22:15:00+02:00,2026-05-30T22:30:00+02:00,113.58,18860.7
2026-05-30T22:30:00+02:00,2026-05-30T22:45:00+02:00,117.79,18441.6
2026-05-30T22:45:00+02:00,2026-05-30T23:00:00+02:00,111.59,18763.1
2026-05-30T23:00:00+02:00,2026-05-30T23:15:00+02:00,111.2,19043.2
2026-05-30T23:15:00+02:00,2026-05-30T23:30:00+02:00,109.0,19267.4
2026-05-30T23:30:00+02:00,2026-05-30T23:45:00+02:00,111.2,18434.6
2026-05-30T23:45:00+02:00,2026-05-31T00:00:00+02:00,100.2,19095.7
